{
    "name": "root",
    "gauges": {
        "NavigationAgentController.Policy.Entropy.mean": {
            "value": 2.180772066116333,
            "min": 2.111722469329834,
            "max": 2.180772066116333,
            "count": 29
        },
        "NavigationAgentController.Policy.Entropy.sum": {
            "value": 44452.859375,
            "min": 41178.5859375,
            "max": 44692.76953125,
            "count": 29
        },
        "NavigationAgentController.Step.mean": {
            "value": 579960.0,
            "min": 19953.0,
            "max": 579960.0,
            "count": 29
        },
        "NavigationAgentController.Step.sum": {
            "value": 579960.0,
            "min": 19953.0,
            "max": 579960.0,
            "count": 29
        },
        "NavigationAgentController.Policy.ExtrinsicValueEstimate.mean": {
            "value": -0.378667950630188,
            "min": -0.47170791029930115,
            "max": -0.2760263979434967,
            "count": 29
        },
        "NavigationAgentController.Policy.ExtrinsicValueEstimate.sum": {
            "value": -131.7764434814453,
            "min": -170.8143310546875,
            "max": -106.82221221923828,
            "count": 29
        },
        "NavigationAgentController.Policy.CuriosityValueEstimate.mean": {
            "value": 3.0320992469787598,
            "min": -0.5054700970649719,
            "max": 3.8128223419189453,
            "count": 29
        },
        "NavigationAgentController.Policy.CuriosityValueEstimate.sum": {
            "value": 1055.1705322265625,
            "min": -201.17709350585938,
            "max": 1352.144775390625,
            "count": 29
        },
        "NavigationAgentController.Environment.EpisodeLength.mean": {
            "value": 338.9428571428571,
            "min": 139.06666666666666,
            "max": 418.19642857142856,
            "count": 29
        },
        "NavigationAgentController.Environment.EpisodeLength.sum": {
            "value": 23726.0,
            "min": 13571.0,
            "max": 23726.0,
            "count": 29
        },
        "NavigationAgentController.Environment.CumulativeReward.mean": {
            "value": -1.5510000795125962,
            "min": -2.4330358374863863,
            "max": -0.3165649177776721,
            "count": 29
        },
        "NavigationAgentController.Environment.CumulativeReward.sum": {
            "value": -108.57000556588173,
            "min": -136.25000689923763,
            "max": -41.47000422887504,
            "count": 29
        },
        "NavigationAgentController.Policy.ExtrinsicReward.mean": {
            "value": -1.5510000795125962,
            "min": -2.4330358374863863,
            "max": -0.3165649177776721,
            "count": 29
        },
        "NavigationAgentController.Policy.ExtrinsicReward.sum": {
            "value": -108.57000556588173,
            "min": -136.25000689923763,
            "max": -41.47000422887504,
            "count": 29
        },
        "NavigationAgentController.Policy.CuriosityReward.mean": {
            "value": 10.123622899183205,
            "min": 0.0,
            "max": 16.317324820365613,
            "count": 29
        },
        "NavigationAgentController.Policy.CuriosityReward.sum": {
            "value": 708.6536029428244,
            "min": 0.0,
            "max": 2137.5695514678955,
            "count": 29
        },
        "NavigationAgentController.IsTraining.mean": {
            "value": 1.0,
            "min": 1.0,
            "max": 1.0,
            "count": 29
        },
        "NavigationAgentController.IsTraining.sum": {
            "value": 1.0,
            "min": 1.0,
            "max": 1.0,
            "count": 29
        },
        "NavigationAgentController.Losses.PolicyLoss.mean": {
            "value": 0.04690236876059013,
            "min": 0.04690236876059013,
            "max": 0.06975983798431117,
            "count": 9
        },
        "NavigationAgentController.Losses.PolicyLoss.sum": {
            "value": 0.04690236876059013,
            "min": 0.04690236876059013,
            "max": 0.06975983798431117,
            "count": 9
        },
        "NavigationAgentController.Losses.ValueLoss.mean": {
            "value": 0.06969567546000083,
            "min": 0.013059293186912934,
            "max": 0.9662088201443354,
            "count": 9
        },
        "NavigationAgentController.Losses.ValueLoss.sum": {
            "value": 0.06969567546000083,
            "min": 0.013059293186912934,
            "max": 0.9662088201443354,
            "count": 9
        },
        "NavigationAgentController.Policy.LearningRate.mean": {
            "value": 0.0003,
            "min": 0.0003,
            "max": 0.0003,
            "count": 9
        },
        "NavigationAgentController.Policy.LearningRate.sum": {
            "value": 0.0003,
            "min": 0.0003,
            "max": 0.0003,
            "count": 9
        },
        "NavigationAgentController.Policy.Epsilon.mean": {
            "value": 0.19999994618650008,
            "min": 0.19999994618650008,
            "max": 0.19999999399519997,
            "count": 9
        },
        "NavigationAgentController.Policy.Epsilon.sum": {
            "value": 0.19999994618650008,
            "min": 0.19999994618650008,
            "max": 0.19999999399519997,
            "count": 9
        },
        "NavigationAgentController.Policy.Beta.mean": {
            "value": 0.01,
            "min": 0.01,
            "max": 0.01,
            "count": 9
        },
        "NavigationAgentController.Policy.Beta.sum": {
            "value": 0.01,
            "min": 0.01,
            "max": 0.01,
            "count": 9
        },
        "NavigationAgentController.Losses.CuriosityForwardLoss.mean": {
            "value": 0.26671014274160065,
            "min": 0.21720696126421293,
            "max": 423.2962363102039,
            "count": 9
        },
        "NavigationAgentController.Losses.CuriosityForwardLoss.sum": {
            "value": 0.26671014274160065,
            "min": 0.21720696126421293,
            "max": 423.2962363102039,
            "count": 9
        },
        "NavigationAgentController.Losses.CuriosityInverseLoss.mean": {
            "value": 3.107361484368642,
            "min": 2.891928443113963,
            "max": 8.830740090211233,
            "count": 9
        },
        "NavigationAgentController.Losses.CuriosityInverseLoss.sum": {
            "value": 3.107361484368642,
            "min": 2.891928443113963,
            "max": 8.830740090211233,
            "count": 9
        }
    },
    "metadata": {
        "timer_format_version": "0.1.0",
        "start_time_seconds": "1732362853",
        "python_version": "3.10.11 (tags/v3.10.11:7d4cc5a, Apr  5 2023, 00:38:17) [MSC v.1929 64 bit (AMD64)]",
        "command_line_arguments": "C:\\Users\\caiqu\\AppData\\Local\\Programs\\Python\\Python310\\Scripts\\mlagents-learn config.yaml --run-id=albert_training_3 --time-scale=1 --torch-device=cuda",
        "mlagents_version": "1.1.0",
        "mlagents_envs_version": "1.1.0",
        "communication_protocol_version": "1.5.0",
        "pytorch_version": "2.5.0+cu124",
        "numpy_version": "1.23.5",
        "end_time_seconds": "1732365598"
    },
    "total": 2744.2700746000046,
    "count": 1,
    "self": 0.0070337000652216375,
    "children": {
        "run_training.setup": {
            "total": 0.09331639995798469,
            "count": 1,
            "self": 0.09331639995798469
        },
        "TrainerController.start_learning": {
            "total": 2744.1697244999814,
            "count": 1,
            "self": 0.49751109682256356,
            "children": {
                "TrainerController._reset_env": {
                    "total": 19.643318699963856,
                    "count": 1,
                    "self": 19.643318699963856
                },