{
    "name": "root",
    "gauges": {
        "NavigationAgentController.Policy.Entropy.mean": {
            "value": 2.150010347366333,
            "min": 2.150010347366333,
            "max": 2.1628193855285645,
            "count": 2
        },
        "NavigationAgentController.Policy.Entropy.sum": {
            "value": 41925.203125,
            "min": 20468.921875,
            "max": 41925.203125,
            "count": 2
        },
        "NavigationAgentController.Step.mean": {
            "value": 4339939.0,
            "min": 4319997.0,
            "max": 4339939.0,
            "count": 2
        },
        "NavigationAgentController.Step.sum": {
            "value": 4339939.0,
            "min": 4319997.0,
            "max": 4339939.0,
            "count": 2
        },
        "NavigationAgentController.Policy.ExtrinsicValueEstimate.mean": {
            "value": -0.11012808978557587,
            "min": -0.11012808978557587,
            "max": -0.08508037775754929,
            "count": 2
        },
        "NavigationAgentController.Policy.ExtrinsicValueEstimate.sum": {
            "value": -43.83097839355469,
            "min": -43.83097839355469,
            "max": -14.123342514038086,
            "count": 2
        },
        "NavigationAgentController.Policy.CuriosityValueEstimate.mean": {
            "value": 2.5265424251556396,
            "min": 2.5265424251556396,
            "max": 2.5353477001190186,
            "count": 2
        },
        "NavigationAgentController.Policy.CuriosityValueEstimate.sum": {
            "value": 1005.5638427734375,
            "min": 420.86773681640625,
            "max": 1005.5638427734375,
            "count": 2
        },
        "NavigationAgentController.Environment.EpisodeLength.mean": {
            "value": 146.8320610687023,
            "min": 146.8320610687023,
            "max": 147.92307692307693,
            "count": 2
        },
        "NavigationAgentController.Environment.EpisodeLength.sum": {
            "value": 19235.0,
            "min": 7692.0,
            "max": 19235.0,
            "count": 2
        },
        "NavigationAgentController.Environment.CumulativeReward.mean": {
            "value": -0.5040840011957379,
            "min": -0.5040840011957379,
            "max": -0.41625002710721815,
            "count": 2
        },
        "NavigationAgentController.Environment.CumulativeReward.sum": {
            "value": -66.03500415664166,
            "min": -66.03500415664166,
            "max": -21.645001409575343,
            "count": 2
        },
        "NavigationAgentController.Policy.ExtrinsicReward.mean": {
            "value": -0.5040840011957379,
            "min": -0.5040840011957379,
            "max": -0.41625002710721815,
            "count": 2
        },
        "NavigationAgentController.Policy.ExtrinsicReward.sum": {
            "value": -66.03500415664166,
            "min": -66.03500415664166,
            "max": -21.645001409575343,
            "count": 2
        },
        "NavigationAgentController.Policy.CuriosityReward.mean": {
            "value": 0.0,
            "min": 0.0,
            "max": 0.0,
            "count": 2
        },
        "NavigationAgentController.Policy.CuriosityReward.sum": {
            "value": 0.0,
            "min": 0.0,
            "max": 0.0,
            "count": 2
        },
        "NavigationAgentController.IsTraining.mean": {
            "value": 1.0,
            "min": 1.0,
            "max": 1.0,
            "count": 2
        },
        "NavigationAgentController.IsTraining.sum": {
            "value": 1.0,
            "min": 1.0,
            "max": 1.0,
            "count": 2
        }
    },
    "metadata": {
        "timer_format_version": "0.1.0",
        "start_time_seconds": "1732361696",
        "python_version": "3.10.11 (tags/v3.10.11:7d4cc5a, Apr  5 2023, 00:38:17) [MSC v.1929 64 bit (AMD64)]",
        "command_line_arguments": "C:\\Users\\caiqu\\AppData\\Local\\Programs\\Python\\Python310\\Scripts\\mlagents-learn config.yaml --run-id=albert_training_2 --time-scale=1 --torch-device=cuda --resume",
        "mlagents_version": "1.1.0",
        "mlagents_envs_version": "1.1.0",
        "communication_protocol_version": "1.5.0",
        "pytorch_version": "2.5.0+cu124",
        "numpy_version": "1.23.5",
        "end_time_seconds": "1732362032"
    },
    "total": 336.6746399999829,
    "count": 1,
    "self": 0.005990199977532029,
    "children": {
        "run_training.setup": {
            "total": 0.09644709998974577,
            "count": 1,
            "self": 0.09644709998974577
        },
        "TrainerController.start_learning": {
            "total": 336.5722027000156,
            "count": 1,
            "self": 0.03206880029756576,
            "children": {
                "TrainerController._reset_env": {
                    "total": 10.657657300005667,
                    "count": 1,
                    "self": 10.657657300005667
                },
                "TrainerController.advance": {
                    "total": 325.6546141997096,
                    "count": 1841,
                    "self": 0.03424399660434574,
                    "children": {
                        "env_step": {
                            "total": 304.9197595019941,
                            "count": 1841,
                            "self": 297.24319520179415,
                            "children": {
                                "SubprocessEnvManager._take_step": {
                                    "total": 7.65572069917107,
                                    "count": 1841,
                                    "self": 0.12551679916214198,
                                    "children": {
                                        "TorchPolicy.evaluate": {
                                            "total": 7.530203900008928,
                                            "count": 1807,
                                            "self": 7.530203900008928
                                        }
                                    }
                                },
                                "workers": {
                                    "total": 0.020843601028900594,
                                    "count": 1840,
                                    "self": 0.0,
                                    "children": {
                                        "worker_root": {
                                            "total": 202.04819289967418,
                                            "count": 1840,
                                            "is_parallel": true,
                                            "self": 33.46288290002849,
                                            "children": {
                                                "steps_from_proto": {
                                                    "total": 0.001121699984651059,
                                                    "count": 1,
                                                    "is_parallel": true,
                                                    "self": 0.00021189998369663954,
                                                    "children": {
                                                        "_process_rank_one_or_two_observation": {
                                                            "total": 0.0009098000009544194,
                                                            "count": 4,
                                                            "is_parallel": true,
                                                            "self": 0.0009098000009544194
                                                        }
                                                    }
                                                },
                                                "UnityEnvironment.step": {
                                                    "total": 168.58418829966104,